{
    "status": true,
    "time_to_process": 2123213,
    "routes": {
        "Moti Karpe": [
            [
                13.09,
                80.28,
                "07:30",
                "address 1"
            ],
            [
                13.09,
                80.28,
                "08:30",
                "address 2"
            ],
            [
                13.153052,
                80.247579,
                "09:30",
                "address 3"
            ],
            [
                13.156959,
                80.240986,
                "10:30",
                "address 4"
            ],
            [
                13.170914,
                80.21519,
                "11:00",
                "address 5"
            ],
            [
                13.172109,
                80.235598,
                "11:30",
                "address 6"
            ],
            [
                13.165338,
                80.243058,
                "12:30",
                "address 7"
            ],
            [
                13.167007,
                80.245859,
                "13:30",
                "address 8"
            ],
            [
                13.173705,
                80.257037,
                "14:30",
                "address 9"
            ],
            [
                13.19283,
                80.269619,
                "15:30",
                "address 10"
            ],
            [
                13.198362,
                80.272729,
                "16:30",
                "address 11"
            ],
            [
                13.198362,
                80.272729,
                "17:30",
                "address 12"
            ],
            [
                13.184588,
                80.308629,
                "18:00",
                "address 13"
            ],
            [
                13.156614,
                80.26875,
                "18:30",
                "address 14"
            ]
        ],
        "Naseer Lal Beharry": [
            [
                13.09,
                80.28,
                "07:30",
                "address 1"
            ],
            [
                13.09,
                80.28,
                "08:30",
                "address 2"
            ],
            [
                13.100222,
                80.165757,
                "09:30",
                "address 3"
            ],
            [
                13.117873,
                80.166199,
                "10:30",
                "address 4"
            ]
        ]
    }
}